ID,Name,Position,Team,Image
301,Dylan Storm,QB,Baltimore Ravens,https://placehold.co/400x400/241773/FFFFFF/png?text=Dylan+Storm
302,Marcus Raven,WR,Baltimore Ravens,https://placehold.co/400x400/9E7C0C/000000/png?text=Marcus+Raven
303,Tyler Hammer,RB,Baltimore Ravens,https://placehold.co/400x400/241773/FFFFFF/png?text=Tyler+Hammer
304,Brandon Fury,QB,Cincinnati Bengals,https://placehold.co/400x400/FB4F14/000000/png?text=Brandon+Fury
305,Jake Stripes,WR,Cincinnati Bengals,https://placehold.co/400x400/000000/FB4F14/png?text=Jake+Stripes
306,Connor Iron,RB,Cleveland Browns,https://placehold.co/400x400/311D00/FFFFFF/png?text=Connor+Iron
307,Devon Steel,TE,Cleveland Browns,https://placehold.co/400x400/FF3C00/FFFFFF/png?text=Devon+Steel
308,Ryan Dawg,WR,Cleveland Browns,https://placehold.co/400x400/311D00/FFFFFF/png?text=Ryan+Dawg
309,Eric Bolt,QB,Pittsburgh Steelers,https://placehold.co/400x400/FFB612/000000/png?text=Eric+Bolt
310,Tyler Forge,RB,Pittsburgh Steelers,https://placehold.co/400x400/101820/FFB612/png?text=Tyler+Forge
